"DisplayName","Mailbox Type","Title","Department","Office","Total Mailbox Size (Mb)","Mailbox Size (Mb)","Mailbox Recoverable Item Size (Mb)","Mailbox Items","Inbox Folder Size (Mb)","Sent Items Folder Size (Mb)","Deleted Items Folder Size (Mb)","Total Archive Size (Mb)","Archive Size (Mb)","Archive Deleted Item Size (Mb)","Archive Items","Audit Enabled","Email Address Policy Enabled","Hidden From Address Lists","Use Database Quota Defaults","Issue Warning Quota","Prohibit Send Quota","Prohibit Send Receive Quota","Account Enabled","Account Expires","Last Mailbox Logon","Last Logon By","Primary Mailbox Database","Primary Server/DAG","Archive Mailbox Database","Archive Server/DAG","Primary Email Address"
"Yogesh Gupta","UserMailbox","QA Engineer - QASource Contractor","Info Security Products","India","950","824","126","35926","663","11","61","0","0","0","n/a","False","True","False","True","24","49","0","True",,"12/22/2015 9:33:01 AM","CORPygupta","EXCHMDB05","DAG1",,,"ygupta@gmail.com"
"Yordanka Runteva","UserMailbox","Senior QA Specialist","Info Archive and Governance",,"1","1","0","94","1","0","0","0","0","0","n/a","False","True","False","True","24","49","0","True",,,,"EXCHMDB13","DAG1",,,"yrunteva@gmail.com"
"Yoshikatsu Sato","UserMailbox","Named Account Manager","Sales",,"459","445","14","4830","298","75","0","0","0","0","n/a","False","True","False","True","24","49","0","True",,"12/22/2015 2:05:32 PM","CORPysato","EXCHMDB13","DAG1",,,"ysato@gmail.com"
"Yukinobu Moriya","UserMailbox","Senior Technical Support Engineer","Sales",,"241","215","26","4022","5","0","1","0","0","0","n/a","False","True","False","True","24","49","0","True",,"12/22/2015 1:16:00 PM","CORPymoriya","EXCHMDB04","DAG1",,,"ymoriya@gmail.com"
"Yuliyan Valchev","UserMailbox","L1 Technical Support Contractor","Support",,"390","390","0","37308","371","0","0","0","0","0",,"False","True","False","True","24","49","0","True",,"12/8/2015 6:33:59 AM","CORPyvalchev","EXCHMDB07","DAG1",,,"yvalchev@gmail.com"
"Yuri Nawata","UserMailbox","Systems Engineer","Sales",,"245","239","6","5835","145","33","0","0","0","0","n/a","False","True","False","True","24","49","0","True",,"12/22/2015 1:15:59 PM","CORPynawata","EXCHMDB03","DAG1",,,"ynawata@gmail.com"
"Yusuke Ozawa","UserMailbox","Named Account Manager","Sales",,"175","174","1","940","0","0","0","0","0","0","n/a","False","True","False","True","24","49","0","True",,"12/22/2015 2:14:25 PM","CORPyozawa","EXCHMDB11","DAG1",,,"yozawa@gmail.com"
"Yuta Oyama","UserMailbox","Named Account Manager","Sales",,"411","401","10","3154","289","94","14","0","0","0","n/a","False","True","False","True","24","49","0","True",,"12/22/2015 1:38:32 PM","CORP
kato","EXCHMDB13","DAG1",,,"yoyama@gmail.com"
