DisplayName,Mailbox Type,Title,Department,Office,Total Mailbox Size (Mb),Mailbox Size (Mb),Mailbox Recoverable Item Size (Mb),Mailbox Items,Inbox Folder Size (Mb),Sent Items Folder Size (Mb),Deleted Items Folder Size (Mb),Total Archive Size (Mb),Archive Size (Mb),Archive Deleted Item Size (Mb),Archive Items,Audit Enabled,Email Address Policy Enabled,Hidden From Address Lists,Use Database Quota Defaults,Issue Warning Quota,Prohibit Send Quota,Prohibit Send Receive Quota,Account Enabled,Account Expires,Last Mailbox Logon,Last Logon By,Primary Mailbox Database,Primary Server/DAG,Archive Mailbox Database,Archive Server/DAG,Primary Email Address
Jon,UserMailbox,QA Engineer - QASource Contractor,Info Security Products,India,950,824,126,35926,663,11,61,0,0,0,n/a,FALSE,TRUE,FALSE,TRUE,24,49,0,TRUE,,12/22/2015 9:33,CORPygupta,EXCHMDB05,DAG1,,,a@gmail.com
Jack,UserMailbox,Senior QA Specialist,Info Archive and Governance,,1,1,0,94,1,0,0,0,0,0,n/a,FALSE,TRUE,FALSE,TRUE,24,49,0,TRUE,,,,EXCHMDB13,DAG1,,,b@gmail.com
Riya,UserMailbox,Named Account Manager,Sales,,459,445,14,4830,298,75,0,0,0,0,n/a,FALSE,TRUE,FALSE,TRUE,24,49,0,TRUE,,12/22/2015 14:05,CORPysato,EXCHMDB13,DAG1,,,c@gmail.com
Ron,UserMailbox,Senior Technical Support Engineer,Sales,,241,215,26,4022,5,0,1,0,0,0,n/a,FALSE,TRUE,FALSE,TRUE,24,49,0,TRUE,,12/22/2015 13:16,CORPymoriya,EXCHMDB04,DAG1,,,d@gmail.com
Jenny,UserMailbox,L1 Technical Support Contractor,Support,,390,390,0,37308,371,0,0,0,0,0,,FALSE,TRUE,FALSE,TRUE,24,49,0,TRUE,,12/8/2015 6:33,CORPyvalchev,EXCHMDB07,DAG1,,,e@gmail.com
Yash,UserMailbox,Systems Engineer,Sales,,245,239,6,5835,145,33,0,0,0,0,n/a,FALSE,TRUE,FALSE,TRUE,24,49,0,TRUE,,12/22/2015 13:15,CORPynawata,EXCHMDB03,DAG1,,,f@gmail.com
Mary,UserMailbox,Named Account Manager,Sales,,175,174,1,940,0,0,0,0,0,0,n/a,FALSE,TRUE,FALSE,TRUE,24,49,0,TRUE,,12/22/2015 14:14,CORPyozawa,EXCHMDB11,DAG1,,,g@gmail.com
Tina,UserMailbox,Named Account Manager,Sales,,411,401,10,3154,289,94,14,0,0,0,n/a,FALSE,TRUE,FALSE,TRUE,24,49,0,TRUE,,12/22/2015 13:38,"CORP
kato",EXCHMDB13,DAG1,,,h@gmail.com
